{
	"default": "BR",
	"countries": [
		{ "code": "BR", "name": "Brasil" },
		{ "code": "AF", "name": "Afeganistão" },
		{ "code": "AL", "name": "Albânia" },
		{ "code": "DZ", "name": "Argélia" },
		{ "code": "AS", "name": "Samoa Americana" },
		{ "code": "AD", "name": "Andorra" },
		{ "code": "AO", "name": "Angola" },
		{ "code": "AI", "name": "Anguilla" },
		{ "code": "AG", "name": "Antígua e Barbuda" },
		{ "code": "AR", "name": "Argentina" },
		{ "code": "AM", "name": "Armênia" },
		{ "code": "AW", "name": "Aruba" },
		{ "code": "AU", "name": "Austrália" },
		{ "code": "AT", "name": "Áustria" },
		{ "code": "AZ", "name": "Azerbaijão" },
		{ "code": "BS", "name": "Bahamas" },
		{ "code": "BH", "name": "Barém" },
		{ "code": "BD", "name": "Bangladesh" },
		{ "code": "BB", "name": "Barbados" },
		{ "code": "BY", "name": "Bielorrússia" },
		{ "code": "BE", "name": "Bélgica" },
		{ "code": "BZ", "name": "Belize" },
		{ "code": "BJ", "name": "Benim" },
		{ "code": "BM", "name": "Bermudas" },
		{ "code": "BT", "name": "Butão" },
		{ "code": "BO", "name": "Bolívia" },
		{ "code": "BA", "name": "Bósnia e Herzegovina" },
		{ "code": "BW", "name": "Botsuana" },
		{ "code": "BR", "name": "Brasil" },
		{ "code": "BN", "name": "Brunei" },
		{ "code": "BG", "name": "Bulgária" },
		{ "code": "BF", "name": "Burquina Faso" },
		{ "code": "BI", "name": "Burundi" },
		{ "code": "CV", "name": "Cabo Verde" },
		{ "code": "KH", "name": "Camboja" },
		{ "code": "CM", "name": "Camarões" },
		{ "code": "CA", "name": "Canadá" },
		{ "code": "KY", "name": "Ilhas Cayman" },
		{ "code": "CF", "name": "República Centro-Africana" },
		{ "code": "TD", "name": "Chade" },
		{ "code": "CL", "name": "Chile" },
		{ "code": "CN", "name": "China" },
		{ "code": "CX", "name": "Ilha Christmas" },
		{ "code": "CO", "name": "Colômbia" },
		{ "code": "KM", "name": "Comores" },
		{ "code": "CG", "name": "Congo (República do)" },
		{ "code": "CD", "name": "Congo (República Democrática do)" },
		{ "code": "CR", "name": "Costa Rica" },
		{ "code": "CI", "name": "Costa do Marfim" },
		{ "code": "HR", "name": "Croácia" },
		{ "code": "CU", "name": "Cuba" },
		{ "code": "CW", "name": "Curaçao" },
		{ "code": "CY", "name": "Chipre" },
		{ "code": "CZ", "name": "República Checa" },
		{ "code": "DK", "name": "Dinamarca" },
		{ "code": "DJ", "name": "Djibuti" },
		{ "code": "DM", "name": "Dominica" },
		{ "code": "DO", "name": "República Dominicana" },
		{ "code": "EC", "name": "Equador" },
		{ "code": "EG", "name": "Egito" },
		{ "code": "SV", "name": "El Salvador" },
		{ "code": "GQ", "name": "Guiné Equatorial" },
		{ "code": "ER", "name": "Eritreia" },
		{ "code": "EE", "name": "Estônia" },
		{ "code": "ET", "name": "Etiópia" },
		{ "code": "FK", "name": "Ilhas Malvinas" },
		{ "code": "FO", "name": "Ilhas Faroe" },
		{ "code": "FJ", "name": "Fiji" },
		{ "code": "FI", "name": "Finlândia" },
		{ "code": "FR", "name": "França" },
		{ "code": "GF", "name": "Guiana Francesa" },
		{ "code": "PF", "name": "Polinésia Francesa" },
		{ "code": "GA", "name": "Gabão" },
		{ "code": "GM", "name": "Gâmbia" },
		{ "code": "GE", "name": "Geórgia" },
		{ "code": "DE", "name": "Alemanha" },
		{ "code": "GH", "name": "Gana" },
		{ "code": "GI", "name": "Gibraltar" },
		{ "code": "GR", "name": "Grécia" },
		{ "code": "GL", "name": "Groenlândia" },
		{ "code": "GD", "name": "Granada" },
		{ "code": "GP", "name": "Guadalupe" },
		{ "code": "GU", "name": "Guam" },
		{ "code": "GT", "name": "Guatemala" },
		{ "code": "GG", "name": "Guernsey" },
		{ "code": "GN", "name": "Guiné" },
		{ "code": "GW", "name": "Guiné-Bissau" },
		{ "code": "GY", "name": "Guiana" },
		{ "code": "HT", "name": "Haiti" },
		{ "code": "HN", "name": "Honduras" },
		{ "code": "HK", "name": "Hong Kong" },
		{ "code": "HU", "name": "Hungria" },
		{ "code": "IS", "name": "Islândia" },
		{ "code": "IN", "name": "Índia" },
		{ "code": "ID", "name": "Indonésia" },
		{ "code": "IR", "name": "Irã" },
		{ "code": "IQ", "name": "Iraque" },
		{ "code": "IE", "name": "Irlanda" },
		{ "code": "IM", "name": "Ilha de Man" },
		{ "code": "IL", "name": "Israel" },
		{ "code": "IT", "name": "Itália" },
		{ "code": "JM", "name": "Jamaica" },
		{ "code": "JP", "name": "Japão" },
		{ "code": "JE", "name": "Jersey" },
		{ "code": "JO", "name": "Jordânia" },
		{ "code": "KZ", "name": "Cazaquistão" },
		{ "code": "KE", "name": "Quênia" },
		{ "code": "KI", "name": "Kiribati" },
		{ "code": "KP", "name": "Coreia do Norte" },
		{ "code": "KR", "name": "Coreia do Sul" },
		{ "code": "KW", "name": "Kuwait" },
		{ "code": "KG", "name": "Quirguistão" },
		{ "code": "LA", "name": "Laos" },
		{ "code": "LV", "name": "Letônia" },
		{ "code": "LB", "name": "Líbano" },
		{ "code": "LS", "name": "Lesoto" },
		{ "code": "LR", "name": "Libéria" },
		{ "code": "LY", "name": "Líbia" },
		{ "code": "LI", "name": "Liechtenstein" },
		{ "code": "LT", "name": "Lituânia" },
		{ "code": "LU", "name": "Luxemburgo" },
		{ "code": "MO", "name": "Macau" },
		{ "code": "MK", "name": "Macedônia do Norte" },
		{ "code": "MG", "name": "Madagáscar" },
		{ "code": "MW", "name": "Malávi" },
		{ "code": "MY", "name": "Malásia" },
		{ "code": "MV", "name": "Maldivas" },
		{ "code": "ML", "name": "Mali" },
		{ "code": "MT", "name": "Malta" },
		{ "code": "MQ", "name": "Martinica" },
		{ "code": "MR", "name": "Mauritânia" },
		{ "code": "MU", "name": "Ilhas Maurício" },
		{ "code": "MX", "name": "México" },
		{ "code": "MD", "name": "Moldávia" },
		{ "code": "MC", "name": "Mônaco" },
		{ "code": "MN", "name": "Mongólia" },
		{ "code": "ME", "name": "Montenegro" },
		{ "code": "MS", "name": "Montserrat" },
		{ "code": "MA", "name": "Marrocos" },
		{ "code": "MZ", "name": "Moçambique" },
		{ "code": "MM", "name": "Mianmar" },
		{ "code": "NA", "name": "Namíbia" },
		{ "code": "NR", "name": "Nauru" },
		{ "code": "NP", "name": "Nepal" },
		{ "code": "NL", "name": "Países Baixos" },
		{ "code": "NC", "name": "Nova Caledônia" },
		{ "code": "NZ", "name": "Nova Zelândia" },
		{ "code": "NI", "name": "Nicarágua" },
		{ "code": "NE", "name": "Níger" },
		{ "code": "NG", "name": "Nigéria" },
		{ "code": "NO", "name": "Noruega" },
		{ "code": "OM", "name": "Omã" },
		{ "code": "PK", "name": "Paquistão" },
		{ "code": "PS", "name": "Palestina" },
		{ "code": "PA", "name": "Panamá" },
		{ "code": "PG", "name": "Papua-Nova Guiné" },
		{ "code": "PY", "name": "Paraguai" },
		{ "code": "PE", "name": "Peru" },
		{ "code": "PH", "name": "Filipinas" },
		{ "code": "PL", "name": "Polônia" },
		{ "code": "PT", "name": "Portugal" },
		{ "code": "PR", "name": "Porto Rico" },
		{ "code": "QA", "name": "Qatar" },
		{ "code": "RO", "name": "Romênia" },
		{ "code": "RU", "name": "Rússia" },
		{ "code": "RW", "name": "Ruanda" },
		{ "code": "KN", "name": "Saint Kitts e Nevis" },
		{ "code": "LC", "name": "Santa Lúcia" },
		{ "code": "VC", "name": "São Vicente e Granadinas" },
		{ "code": "WS", "name": "Samoa" },
		{ "code": "SM", "name": "San Marino" },
		{ "code": "ST", "name": "São Tomé e Príncipe" },
		{ "code": "SA", "name": "Arábia Saudita" },
		{ "code": "SN", "name": "Senegal" },
		{ "code": "RS", "name": "Sérvia" },
		{ "code": "SC", "name": "Seychelles" },
		{ "code": "SL", "name": "Serra Leoa" },
		{ "code": "SG", "name": "Singapura" },
		{ "code": "SK", "name": "Eslováquia" },
		{ "code": "SI", "name": "Eslovênia" },
		{ "code": "SB", "name": "Ilhas Salomão" },
		{ "code": "SO", "name": "Somália" },
		{ "code": "ZA", "name": "África do Sul" },
		{ "code": "SS", "name": "Sudão do Sul" },
		{ "code": "ES", "name": "Espanha" },
		{ "code": "LK", "name": "Sri Lanka" },
		{ "code": "SD", "name": "Sudão" },
		{ "code": "SR", "name": "Suriname" },
		{ "code": "SE", "name": "Suécia" },
		{ "code": "CH", "name": "Suíça" },
		{ "code": "SY", "name": "Síria" },
		{ "code": "TW", "name": "Taiwan" },
		{ "code": "TJ", "name": "Tajiquistão" },
		{ "code": "TZ", "name": "Tanzânia" },
		{ "code": "TH", "name": "Tailândia" },
		{ "code": "TL", "name": "Timor-Leste" },
		{ "code": "TG", "name": "Togo" },
		{ "code": "TO", "name": "Tonga" },
		{ "code": "TT", "name": "Trindade e Tobago" },
		{ "code": "TN", "name": "Tunísia" },
		{ "code": "TR", "name": "Turquia" },
		{ "code": "TM", "name": "Turcomenistão" },
		{ "code": "TC", "name": "Ilhas Turcas e Caicos" },
		{ "code": "TV", "name": "Tuvalu" },
		{ "code": "UG", "name": "Uganda" },
		{ "code": "UA", "name": "Ucrânia" },
		{ "code": "AE", "name": "Emirados Árabes Unidos" },
		{ "code": "GB", "name": "Reino Unido" },
		{ "code": "US", "name": "Estados Unidos da América" },
		{ "code": "UY", "name": "Uruguai" },
		{ "code": "UZ", "name": "Uzbequistão" },
		{ "code": "VU", "name": "Vanuatu" },
		{ "code": "VA", "name": "Vaticano (Cidade do Vaticano)" },
		{ "code": "VE", "name": "Venezuela" },
		{ "code": "VN", "name": "Vietnã" },
		{ "code": "EH", "name": "Saara Ocidental" },
		{ "code": "YE", "name": "Iêmen" },
		{ "code": "ZM", "name": "Zâmbia" },
		{ "code": "ZW", "name": "Zimbábue" }
	]
}